{
  "IcoMoonType": "selection",
  "icons": [
    {
      "icon": {
        "paths": [
          "M790.857 529.714l-758.857 421.714c-17.714 9.714-32 1.143-32-18.857v-841.143c0-20 14.286-28.571 32-18.857l758.857 421.714c17.714 9.714 17.714 25.714 0 35.429z"
        ],
        "width": 808.5942857142857,
        "attrs": [],
        "isMulticolor": false,
        "isMulticolor2": false,
        "tags": [
          "play"
        ],
        "defaultCode": 61515,
        "grid": 14
      },
      "attrs": [],
      "properties": {
        "name": "play",
        "id": 75,
        "order": 7,
        "prevSize": 28,
        "code": 61515
      },
      "setIdx": 0,
      "setId": 3,
      "iconIdx": 75
    },
    {
      "icon": {
        "paths": [
          "M548 6.857v150.857h-89.714c-70.286 0-83.429 33.714-83.429 82.286v108h167.429l-22.286 169.143h-145.143v433.714h-174.857v-433.714h-145.714v-169.143h145.714v-124.571c0-144.571 88.571-223.429 217.714-223.429 61.714 0 114.857 4.571 130.286 6.857z"
        ],
        "width": 602.2582857142856,
        "attrs": [],
        "isMulticolor": false,
        "isMulticolor2": false,
        "tags": [
          "facebook",
          "facebook-f"
        ],
        "defaultCode": 61594,
        "grid": 14
      },
      "attrs": [],
      "properties": {
        "name": "facebook, facebook-f",
        "id": 146,
        "order": 5,
        "prevSize": 28,
        "code": 61594
      },
      "setIdx": 0,
      "setId": 3,
      "iconIdx": 146
    },
    {
      "icon": {
        "paths": [
          "M585.143 512c0-80.571-65.714-146.286-146.286-146.286s-146.286 65.714-146.286 146.286 65.714 146.286 146.286 146.286 146.286-65.714 146.286-146.286zM664 512c0 124.571-100.571 225.143-225.143 225.143s-225.143-100.571-225.143-225.143 100.571-225.143 225.143-225.143 225.143 100.571 225.143 225.143zM725.714 277.714c0 29.143-23.429 52.571-52.571 52.571s-52.571-23.429-52.571-52.571 23.429-52.571 52.571-52.571 52.571 23.429 52.571 52.571zM438.857 152c-64 0-201.143-5.143-258.857 17.714-20 8-34.857 17.714-50.286 33.143s-25.143 30.286-33.143 50.286c-22.857 57.714-17.714 194.857-17.714 258.857s-5.143 201.143 17.714 258.857c8 20 17.714 34.857 33.143 50.286s30.286 25.143 50.286 33.143c57.714 22.857 194.857 17.714 258.857 17.714s201.143 5.143 258.857-17.714c20-8 34.857-17.714 50.286-33.143s25.143-30.286 33.143-50.286c22.857-57.714 17.714-194.857 17.714-258.857s5.143-201.143-17.714-258.857c-8-20-17.714-34.857-33.143-50.286s-30.286-25.143-50.286-33.143c-57.714-22.857-194.857-17.714-258.857-17.714zM877.714 512c0 60.571 0.571 120.571-2.857 181.143-3.429 70.286-19.429 132.571-70.857 184s-113.714 67.429-184 70.857c-60.571 3.429-120.571 2.857-181.143 2.857s-120.571 0.571-181.143-2.857c-70.286-3.429-132.571-19.429-184-70.857s-67.429-113.714-70.857-184c-3.429-60.571-2.857-120.571-2.857-181.143s-0.571-120.571 2.857-181.143c3.429-70.286 19.429-132.571 70.857-184s113.714-67.429 184-70.857c60.571-3.429 120.571-2.857 181.143-2.857s120.571-0.571 181.143 2.857c70.286 3.429 132.571 19.429 184 70.857s67.429 113.714 70.857 184c3.429 60.571 2.857 120.571 2.857 181.143z"
        ],
        "width": 877.7142857142857,
        "attrs": [],
        "isMulticolor": false,
        "isMulticolor2": false,
        "tags": [
          "instagram"
        ],
        "defaultCode": 61805,
        "grid": 14
      },
      "attrs": [],
      "properties": {
        "name": "instagram",
        "id": 329,
        "order": 3,
        "prevSize": 28,
        "code": 61805
      },
      "setIdx": 0,
      "setId": 3,
      "iconIdx": 329
    },
    {
      "icon": {
        "paths": [
          "M1008 6.286c12 8.571 17.714 22.286 15.429 36.571l-146.286 877.714c-1.714 10.857-8.571 20-18.286 25.714-5.143 2.857-11.429 4.571-17.714 4.571-4.571 0-9.143-1.143-13.714-2.857l-258.857-105.714-138.286 168.571c-6.857 8.571-17.143 13.143-28 13.143-4 0-8.571-0.571-12.571-2.286-14.286-5.143-24-18.857-24-34.286v-199.429l493.714-605.143-610.857 528.571-225.714-92.571c-13.143-5.143-21.714-17.143-22.857-31.429-0.571-13.714 6.286-26.857 18.286-33.714l950.857-548.571c5.714-3.429 12-5.143 18.286-5.143 7.429 0 14.857 2.286 20.571 6.286z"
        ],
        "width": 1025.1702857142857,
        "attrs": [],
        "isMulticolor": false,
        "isMulticolor2": false,
        "tags": [
          "paper-plane",
          "send"
        ],
        "defaultCode": 61912,
        "grid": 14
      },
      "attrs": [],
      "properties": {
        "name": "paper-plane, send",
        "id": 429,
        "order": 4,
        "prevSize": 28,
        "code": 61912
      },
      "setIdx": 0,
      "setId": 3,
      "iconIdx": 429
    },
    {
      "icon": {
        "paths": [
          "M704 640c-64 64-64 128-128 128s-128-64-192-128-128-128-128-192 64-64 128-128-128-256-192-256-192 192-192 192c0 128 131.5 387.5 256 512s384 256 512 256c0 0 192-128 192-192s-192-256-256-192z"
        ],
        "tags": [
          "phone",
          "telephone",
          "contact",
          "support",
          "call"
        ],
        "defaultCode": 59714,
        "grid": 16,
        "attrs": []
      },
      "attrs": [],
      "properties": {
        "ligatures": "phone, telephone",
        "name": "phone",
        "order": 2,
        "id": 67,
        "prevSize": 32,
        "code": 59714
      },
      "setIdx": 2,
      "setId": 1,
      "iconIdx": 66
    }
  ],
  "height": 1024,
  "metadata": {
    "name": "icomoon"
  },
  "preferences": {
    "showGlyphs": true,
    "showQuickUse": true,
    "showQuickUse2": true,
    "showSVGs": true,
    "fontPref": {
      "prefix": "icon-",
      "metadata": {
        "fontFamily": "icomoon"
      },
      "metrics": {
        "emSize": 1024,
        "baseline": 6.25,
        "whitespace": 50
      },
      "embed": false
    },
    "imagePref": {
      "prefix": "icon-",
      "png": true,
      "useClassSelector": true,
      "color": 0,
      "bgColor": 16777215,
      "classSelector": ".icon"
    },
    "historySize": 50,
    "showCodes": true,
    "gridSize": 16
  }
}